id,geopos,apartments,price,year
1000,"{'type': 'Point', 'coordinates': [37.525369, 55.531259]}",35,255138.0,1997
1001,"{'type': 'Point', 'coordinates': [37.526762, 55.53157]}",63,221395.0,1997
1002,"{'type': 'Point', 'coordinates': [37.525585, 55.532003]}",46,188281.0,1997
1003,"{'type': 'Point', 'coordinates': [37.527265, 55.532966]}",197,283995.0,2001
1004,"{'type': 'Point', 'coordinates': [37.535287, 55.533837]}",102,228796.0,1997
1005,"{'type': 'Point', 'coordinates': [37.533544, 55.533374]}",42,264284.0,1996
1006,"{'type': 'Point', 'coordinates': [37.532268, 55.533379]}",82,240171.0,1997
1007,"{'type': 'Point', 'coordinates': [37.531002, 55.532722]}",60,284974.0,1997
1008,"{'type': 'Point', 'coordinates': [37.530687, 55.533333]}",114,266633.0,1996
1009,"{'type': 'Point', 'coordinates': [37.528846, 55.533659]}",209,260150.0,2004
1010,"{'type': 'Point', 'coordinates': [37.531038, 55.534408]}",141,304943.0,1996
1011,"{'type': 'Point', 'coordinates': [37.532161, 55.535345]}",179,229032.0,1996
1012,"{'type': 'Point', 'coordinates': [37.534613, 55.534602]}",83,172725.0,1996
1013,"{'type': 'Point', 'coordinates': [37.535556, 55.534907]}",92,158750.0,1997
1014,"{'type': 'Point', 'coordinates': [37.534182, 55.535595]}",122,257851.0,1997
1015,"{'type': 'Point', 'coordinates': [37.533463, 55.536257]}",104,246261.0,1997
1016,"{'type': 'Point', 'coordinates': [37.533652, 55.536848]}",98,260251.0,1996
1017,"{'coordinates': [37.5672228020496, 55.539712333902884], 'type': 'Point'}",8,280855.0,1955
1018,"{'coordinates': [37.56722801263504, 55.539979626692], 'type': 'Point'}",7,265426.0,1955
1019,"{'coordinates': [37.566233228647945, 55.53999915096665], 'type': 'Point'}",6,242043.0,1955
1020,"{'coordinates': [37.56623569659999, 55.53973687424971], 'type': 'Point'}",8,309152.0,1955
1021,"{'type': 'Point', 'coordinates': [37.564796, 55.542747]}",146,260373.0,2009
1022,"{'type': 'Point', 'coordinates': [37.562434, 55.542492]}",264,239849.0,2009
1023,"{'type': 'Point', 'coordinates': [37.561958, 55.541285]}",33,240443.0,1964
1024,"{'type': 'Point', 'coordinates': [37.559083, 55.543857]}",287,311085.0,2002
1025,"{'type': 'Point', 'coordinates': [37.55999, 55.544377]}",112,227042.0,2002
1026,"{'type': 'Point', 'coordinates': [37.562335, 55.544061]}",72,253930.0,2009
1027,"{'type': 'Point', 'coordinates': [37.56158, 55.543674]}",96,293539.0,2008
1028,"{'type': 'Point', 'coordinates': [37.561473, 55.54292]}",92,234236.0,2009
1029,"{'type': 'Point', 'coordinates': [37.563548, 55.543526]}",179,273291.0,2009
1030,"{'type': 'Point', 'coordinates': [37.560844, 55.544937]}",102,301949.0,2000
1031,"{'type': 'Point', 'coordinates': [37.561535, 55.545564]}",215,318463.0,2002
1032,"{'type': 'Point', 'coordinates': [37.562497, 55.545793]}",59,194275.0,1972
1033,"{'type': 'Point', 'coordinates': [37.561796, 55.54619]}",101,308433.0,1972
1034,"{'type': 'Point', 'coordinates': [37.566377, 55.545722]}",379,248340.0,2011
1035,"{'type': 'Point', 'coordinates': [37.567608, 55.544576]}",180,191135.0,2009
1036,"{'type': 'Point', 'coordinates': [37.567204, 55.544082]}",112,218083.0,2016
1037,"{'type': 'Point', 'coordinates': [37.565632, 55.544413]}",58,304645.0,2009
1038,"{'type': 'Point', 'coordinates': [37.566261, 55.544097]}",85,223712.0,2009
1039,"{'type': 'Point', 'coordinates': [37.565793, 55.542971]}",127,221661.0,2017
1040,"{'type': 'Point', 'coordinates': [37.568515, 55.545263]}",139,230743.0,2009
1041,"{'type': 'Point', 'coordinates': [37.569117, 55.54616]}",79,206545.0,2017
1042,"{'type': 'Point', 'coordinates': [37.569728, 55.546791]}",34,181153.0,2008
1043,"{'type': 'Point', 'coordinates': [37.57068, 55.548721]}",236,194305.0,2008
1044,"{'type': 'Point', 'coordinates': [37.571749, 55.549618]}",41,193869.0,2008
1045,"{'type': 'Point', 'coordinates': [37.570752, 55.549399]}",114,197758.0,2007
1046,"{'type': 'Point', 'coordinates': [37.571363, 55.550213]}",161,192833.0,2008
1047,"{'type': 'Point', 'coordinates': [37.570644, 55.550753]}",197,265922.0,2008
1048,"{'type': 'Point', 'coordinates': [37.569423, 55.550606]}",187,203069.0,2009
1049,"{'type': 'Point', 'coordinates': [37.569171, 55.549923]}",147,227218.0,2008
1050,"{'type': 'Point', 'coordinates': [37.569099, 55.549022]}",328,312608.0,2006
1051,"{'type': 'Point', 'coordinates': [37.566449, 55.548451]}",226,249602.0,2002
1052,"{'type': 'Point', 'coordinates': [37.567276, 55.548024]}",103,272016.0,2005
1053,"{'type': 'Point', 'coordinates': [37.568533, 55.548024]}",296,198165.0,2006
1054,"{'type': 'Point', 'coordinates': [37.570204, 55.54781]}",143,204596.0,2007
1055,"{'type': 'Point', 'coordinates': [37.569432, 55.547178]}",80,179007.0,2007
1056,"{'type': 'Point', 'coordinates': [37.568596, 55.547148]}",74,198020.0,2005
1057,"{'type': 'Point', 'coordinates': [37.567887, 55.547672]}",53,214518.0,2005
1058,"{'type': 'Point', 'coordinates': [37.567653, 55.54702]}",71,199321.0,2005
1059,"{'type': 'Point', 'coordinates': [37.566584, 55.547397]}",148,186007.0,2005
1060,"{'type': 'Point', 'coordinates': [37.560871, 55.54808]}",55,194293.0,1999
1061,"{'type': 'Point', 'coordinates': [37.560224, 55.54866]}",94,237733.0,1999
1062,"{'type': 'Point', 'coordinates': [37.564904, 55.549501]}",114,209748.0,2001
1063,"{'type': 'Point', 'coordinates': [37.565129, 55.548238]}",87,230615.0,2001
1064,"{'type': 'Point', 'coordinates': [37.565111, 55.548884]}",83,256708.0,2001
1065,"{'type': 'Point', 'coordinates': [37.566584, 55.549714]}",198,281017.0,2002
1066,"{'type': 'Point', 'coordinates': [37.56485, 55.55059]}",152,181900.0,2002
1067,"{'type': 'Point', 'coordinates': [37.5645, 55.550096]}",113,298839.0,2001
1068,"{'type': 'Point', 'coordinates': [37.562595, 55.551415]}",159,260564.0,2002
1069,"{'type': 'Point', 'coordinates': [37.561032, 55.55167]}",121,181698.0,2000
1070,"{'type': 'Point', 'coordinates': [37.559586, 55.552144]}",109,371967.0,2000
1071,"{'type': 'Point', 'coordinates': [37.558167, 55.550611]}",72,308077.0,1999
1072,"{'type': 'Point', 'coordinates': [37.559101, 55.550743]}",37,178364.0,1999
1073,"{'type': 'Point', 'coordinates': [37.559451, 55.551431]}",114,210458.0,2000
1074,"{'type': 'Point', 'coordinates': [37.560996, 55.55057]}",216,287001.0,2001
1075,"{'type': 'Point', 'coordinates': [37.559155, 55.550193]}",164,282562.0,1999
1076,"{'type': 'Point', 'coordinates': [37.557475, 55.549536]}",253,197764.0,2002
1077,"{'type': 'Point', 'coordinates': [37.558059, 55.550101]}",123,203315.0,1999
1078,"{'type': 'Point', 'coordinates': [37.55602, 55.550173]}",158,229222.0,2002
1079,"{'type': 'Point', 'coordinates': [37.555643, 55.549577]}",106,245640.0,2003
1080,"{'type': 'Point', 'coordinates': [37.556559, 55.54921]}",168,261642.0,2003
1081,"{'type': 'Point', 'coordinates': [37.553235, 55.548569]}",279,229147.0,1994
1082,"{'type': 'Point', 'coordinates': [37.556271, 55.547392]}",123,241925.0,2003
1083,"{'type': 'Point', 'coordinates': [37.556954, 55.547937]}",101,281782.0,2002
1084,"{'type': 'Point', 'coordinates': [37.559451, 55.548294]}",147,175572.0,2000
1085,"{'type': 'Point', 'coordinates': [37.558391, 55.548044]}",283,206443.0,2002
1086,"{'type': 'Point', 'coordinates': [37.558939, 55.547107]}",109,280733.0,2000
1087,"{'type': 'Point', 'coordinates': [37.561814, 55.547382]}",232,311343.0,1977
1088,"{'type': 'Point', 'coordinates': [37.561104, 55.546526]}",98,252491.0,1971
1089,"{'type': 'Point', 'coordinates': [37.560323, 55.546862]}",58,255151.0,2000
1090,"{'type': 'Point', 'coordinates': [37.559523, 55.546735]}",69,191742.0,2000
1091,"{'type': 'Point', 'coordinates': [37.558841, 55.545503]}",59,243881.0,1999
1092,"{'type': 'Point', 'coordinates': [37.558805, 55.546083]}",104,257872.0,1999
1093,"{'type': 'Point', 'coordinates': [37.55778, 55.54619]}",172,212049.0,2001
1094,"{'type': 'Point', 'coordinates': [37.55734, 55.546735]}",368,215063.0,2002
1095,"{'type': 'Point', 'coordinates': [37.555445, 55.546053]}",262,227556.0,1994
1096,"{'type': 'Point', 'coordinates': [37.55513, 55.545217]}",169,173096.0,1994
1097,"{'type': 'Point', 'coordinates': [37.556289, 55.54484]}",264,219503.0,1994
1098,"{'type': 'Point', 'coordinates': [37.557879, 55.545258]}",97,204204.0,1999
1099,"{'type': 'Point', 'coordinates': [37.559631, 55.5451]}",71,223400.0,2000
1100,"{'type': 'Point', 'coordinates': [37.555562, 55.544245]}",85,189740.0,1995
1101,"{'type': 'Point', 'coordinates': [37.557053, 55.543542]}",214,308705.0,1994
1102,"{'type': 'Point', 'coordinates': [37.555795, 55.54343]}",105,265289.0,1994
1103,"{'type': 'Point', 'coordinates': [37.551941, 55.545421]}",422,266560.0,1995
1104,"{'type': 'Point', 'coordinates': [37.554412, 55.546949]}",313,290867.0,1996
1105,"{'type': 'Point', 'coordinates': [37.552633, 55.546908]}",220,243821.0,1996
1106,"{'type': 'Point', 'coordinates': [37.549184, 55.546083]}",344,184445.0,1996
1107,"{'type': 'Point', 'coordinates': [37.547441, 55.545284]}",277,249761.0,1994
1108,"{'type': 'Point', 'coordinates': [37.548627, 55.544275]}",107,245903.0,1994
1109,"{'type': 'Point', 'coordinates': [37.54983, 55.543903]}",252,267413.0,1994
1110,"{'type': 'Point', 'coordinates': [37.546587, 55.54399]}",94,227357.0,1995
1111,"{'type': 'Point', 'coordinates': [37.545959, 55.543292]}",39,187272.0,1995
1112,"{'type': 'Point', 'coordinates': [37.545168, 55.54293]}",62,215644.0,1995
1113,"{'type': 'Point', 'coordinates': [37.542536, 55.541764]}",59,233485.0,1995
1114,"{'type': 'Point', 'coordinates': [37.543686, 55.541642]}",54,275157.0,1995
1115,"{'type': 'Point', 'coordinates': [37.551609, 55.542793]}",145,245672.0,1994
1116,"{'type': 'Point', 'coordinates': [37.552939, 55.542834]}",187,213494.0,1994
1117,"{'type': 'Point', 'coordinates': [37.551663, 55.543868]}",64,306173.0,1994
1118,"{'type': 'Point', 'coordinates': [37.554511, 55.543368]}",147,256556.0,1994
1119,"{'type': 'Point', 'coordinates': [37.555005, 55.542574]}",38,200888.0,1996
1120,"{'type': 'Point', 'coordinates': [37.556676, 55.542941]}",45,193837.0,1996
1121,"{'type': 'Point', 'coordinates': [37.5607, 55.541377]}",123,205076.0,1973
1122,"{'type': 'Point', 'coordinates': [37.562452, 55.540827]}",21,211737.0,1960
1123,"{'type': 'Point', 'coordinates': [37.563179, 55.540435]}",27,198955.0,1962
1124,"{'type': 'Point', 'coordinates': [37.539958, 55.536522]}",46,190884.0,2000
1125,"{'type': 'Point', 'coordinates': [37.541296, 55.537602]}",200,208058.0,2000
1126,"{'type': 'Point', 'coordinates': [37.542231, 55.538438]}",250,193251.0,1999
1127,"{'type': 'Point', 'coordinates': [37.541234, 55.539268]}",96,298569.0,1999
1128,"{'type': 'Point', 'coordinates': [37.541036, 55.539833]}",78,192804.0,1999
1129,"{'type': 'Point', 'coordinates': [37.54003, 55.539431]}",79,260616.0,1999
1130,"{'type': 'Point', 'coordinates': [37.539365, 55.539966]}",106,244246.0,1999
1131,"{'type': 'Point', 'coordinates': [37.538889, 55.539548]}",65,332679.0,1999
1132,"{'type': 'Point', 'coordinates': [37.538467, 55.538499]}",162,197104.0,2000
1133,"{'type': 'Point', 'coordinates': [37.53888, 55.537409]}",189,225081.0,1999
1134,"{'type': 'Point', 'coordinates': [37.540102, 55.537424]}",265,306139.0,1999
1135,"{'type': 'Point', 'coordinates': [37.537739, 55.537342]}",85,308449.0,2000
1136,"{'type': 'Point', 'coordinates': [37.537218, 55.538473]}",190,301415.0,1999
1137,"{'type': 'Point', 'coordinates': [37.532187, 55.539487]}",146,236201.0,1999
1138,"{'type': 'Point', 'coordinates': [37.535098, 55.540266]}",79,217116.0,2001
1139,"{'type': 'Point', 'coordinates': [37.536365, 55.539889]}",106,290838.0,2002
1140,"{'type': 'Point', 'coordinates': [37.534855, 55.539431]}",108,328419.0,2001
1141,"{'type': 'Point', 'coordinates': [37.535781, 55.539171]}",76,268617.0,2001
1142,"{'type': 'Point', 'coordinates': [37.537685, 55.539895]}",107,277163.0,1999
1143,"{'type': 'Point', 'coordinates': [37.536544, 55.541387]}",22,245915.0,2001
1144,"{'type': 'Point', 'coordinates': [37.53658, 55.540832]}",77,309811.0,2001
1145,"{'type': 'Point', 'coordinates': [37.535448, 55.541112]}",62,225198.0,2001
1146,"{'type': 'Point', 'coordinates': [37.525531, 55.541407]}",148,230939.0,2003
1147,"{'type': 'Point', 'coordinates': [37.527507, 55.542207]}",151,258277.0,2003
1148,"{'type': 'Point', 'coordinates': [37.525836, 55.542752]}",196,261386.0,2003
1149,"{'type': 'Point', 'coordinates': [37.524758, 55.542533]}",158,220912.0,2003
1150,"{'type': 'Point', 'coordinates': [37.523375, 55.543007]}",302,199176.0,2003
1151,"{'type': 'Point', 'coordinates': [37.522504, 55.54371]}",121,278898.0,2001
1152,"{'type': 'Point', 'coordinates': [37.520231, 55.543231]}",100,227321.0,2001
1153,"{'type': 'Point', 'coordinates': [37.519593, 55.543796]}",142,265526.0,2000
1154,"{'type': 'Point', 'coordinates': [37.521075, 55.544092]}",184,204312.0,2000
1155,"{'type': 'Point', 'coordinates': [37.521345, 55.543501]}",107,259128.0,2001
1156,"{'type': 'Point', 'coordinates': [37.52324, 55.544255]}",290,266855.0,2000
1157,"{'type': 'Point', 'coordinates': [37.52474, 55.543531]}",208,189382.0,2003
1158,"{'type': 'Point', 'coordinates': [37.523824, 55.545375]}",232,231624.0,2000
1159,"{'type': 'Point', 'coordinates': [37.523483, 55.546022]}",135,201813.0,2000
1160,"{'type': 'Point', 'coordinates': [37.525953, 55.547346]}",69,187008.0,2001
1161,"{'type': 'Point', 'coordinates': [37.526528, 55.546674]}",119,320338.0,2001
1162,"{'type': 'Point', 'coordinates': [37.527615, 55.546261]}",142,221858.0,2001
1163,"{'type': 'Point', 'coordinates': [37.528253, 55.545645]}",243,294497.0,2003
1164,"{'type': 'Point', 'coordinates': [37.529744, 55.546022]}",115,213669.0,2003
1165,"{'type': 'Point', 'coordinates': [37.529187, 55.544891]}",206,284783.0,2003
1166,"{'type': 'Point', 'coordinates': [37.530445, 55.544285]}",157,301849.0,2003
1167,"{'type': 'Point', 'coordinates': [37.533032, 55.545426]}",152,273488.0,2003
1168,"{'type': 'Point', 'coordinates': [37.534316, 55.545716]}",96,254785.0,2003
1169,"{'type': 'Point', 'coordinates': [37.535188, 55.546623]}",177,228517.0,2002
1170,"{'type': 'Point', 'coordinates': [37.534316, 55.547275]}",185,226495.0,2002
1171,"{'type': 'Point', 'coordinates': [37.533185, 55.54811]}",68,306156.0,2001
1172,"{'type': 'Point', 'coordinates': [37.532619, 55.547438]}",157,292606.0,2001
1173,"{'type': 'Point', 'coordinates': [37.531541, 55.546918]}",130,321335.0,2001
1174,"{'type': 'Point', 'coordinates': [37.531927, 55.545997]}",166,200021.0,2003
1175,"{'type': 'Point', 'coordinates': [37.530894, 55.546007]}",70,284971.0,2003
1176,"{'type': 'Point', 'coordinates': [37.529376, 55.546623]}",113,316132.0,2001
1177,"{'type': 'Point', 'coordinates': [37.530319, 55.546715]}",89,202429.0,2001
1178,"{'type': 'Point', 'coordinates': [37.52943, 55.547458]}",111,184718.0,2001
1179,"{'type': 'Point', 'coordinates': [37.52819, 55.547188]}",111,285751.0,2001
1180,"{'type': 'Point', 'coordinates': [37.52704, 55.547143]}",50,258623.0,2001
1181,"{'type': 'Point', 'coordinates': [37.52598, 55.54784]}",67,297902.0,2001
1182,"{'type': 'Point', 'coordinates': [37.527301, 55.547825]}",255,195007.0,2001
1183,"{'type': 'Point', 'coordinates': [37.527606, 55.548283]}",44,292611.0,2001
1184,"{'type': 'Point', 'coordinates': [37.528684, 55.548273]}",176,204344.0,2001
1185,"{'type': 'Point', 'coordinates': [37.530418, 55.547499]}",156,199585.0,2001
1186,"{'type': 'Point', 'coordinates': [37.531855, 55.548288]}",170,195327.0,2001
1187,"{'type': 'Point', 'coordinates': [37.532214, 55.548691]}",90,287913.0,2001
1188,"{'type': 'Point', 'coordinates': [37.533194, 55.548706]}",105,264763.0,2001
1189,"{'type': 'Point', 'coordinates': [37.533526, 55.5492]}",47,239073.0,2001
1190,"{'type': 'Point', 'coordinates': [37.532403, 55.549551]}",156,219331.0,2002
1191,"{'type': 'Point', 'coordinates': [37.531316, 55.549582]}",44,293861.0,2001
1192,"{'type': 'Point', 'coordinates': [37.532664, 55.550056]}",44,217953.0,2001
1193,"{'type': 'Point', 'coordinates': [37.533697, 55.549964]}",196,277535.0,2002
1194,"{'type': 'Point', 'coordinates': [37.535089, 55.549592]}",306,224413.0,2002
1195,"{'type': 'Point', 'coordinates': [37.534469, 55.548375]}",308,220032.0,2002
1196,"{'type': 'Point', 'coordinates': [37.53835, 55.548894]}",252,238499.0,2002
1197,"{'type': 'Point', 'coordinates': [37.539158, 55.54785]}",274,201062.0,2002
1198,"{'type': 'Point', 'coordinates': [37.540955, 55.547479]}",251,262048.0,2002
1199,"{'type': 'Point', 'coordinates': [37.541611, 55.546297]}",255,246725.0,2002
1200,"{'type': 'Point', 'coordinates': [37.539311, 55.546012]}",419,198696.0,2002
1201,"{'type': 'Point', 'coordinates': [37.53985, 55.54725]}",102,282850.0,2002
1202,"{'type': 'Point', 'coordinates': [37.539158, 55.545375]}",306,220943.0,2003
1203,"{'type': 'Point', 'coordinates': [37.540623, 55.544092]}",208,246490.0,2003
1204,"{'type': 'Point', 'coordinates': [37.539922, 55.543766]}",178,302376.0,2003
1205,"{'type': 'Point', 'coordinates': [37.539194, 55.54344]}",118,266351.0,2003
1206,"{'type': 'Point', 'coordinates': [37.540488, 55.542997]}",90,196747.0,1996
1207,"{'type': 'Point', 'coordinates': [37.541234, 55.542049]}",54,321514.0,1995
1208,"{'type': 'Point', 'coordinates': [37.542491, 55.54375]}",139,267841.0,1995
1209,"{'type': 'Point', 'coordinates': [37.544342, 55.543638]}",92,223427.0,1995
1210,"{'type': 'Point', 'coordinates': [37.545527, 55.544494]}",204,193996.0,1995
1211,"{'type': 'Point', 'coordinates': [37.548941, 55.547535]}",365,294688.0,1994
1212,"{'type': 'Point', 'coordinates': [37.546399, 55.548227]}",312,267955.0,1993
1213,"{'type': 'Point', 'coordinates': [37.545968, 55.547056]}",417,253129.0,1994
1214,"{'type': 'Point', 'coordinates': [37.545402, 55.549261]}",556,313030.0,1994
1215,"{'type': 'Point', 'coordinates': [37.552067, 55.551023]}",187,293058.0,1994
1216,"{'type': 'Point', 'coordinates': [37.549696, 55.548772]}",361,198112.0,1994
1217,"{'type': 'Point', 'coordinates': [37.551402, 55.548176]}",376,218273.0,1994
1218,"{'type': 'Point', 'coordinates': [37.5539, 55.549429]}",332,208048.0,1994
1219,"{'type': 'Point', 'coordinates': [37.552337, 55.549582]}",240,286130.0,1994
1220,"{'type': 'Point', 'coordinates': [37.556208, 55.550723]}",181,177128.0,2001
1221,"{'type': 'Point', 'coordinates': [37.555526, 55.551451]}",142,292176.0,1999
1222,"{'type': 'Point', 'coordinates': [37.554079, 55.550397]}",232,286136.0,1994
1223,"{'type': 'Point', 'coordinates': [37.556622, 55.551599]}",48,302290.0,1999
1224,"{'type': 'Point', 'coordinates': [37.55699, 55.551181]}",77,220797.0,1999
1225,"{'type': 'Point', 'coordinates': [37.558364, 55.552581]}",316,360617.0,2002
1226,"{'type': 'Point', 'coordinates': [37.557412, 55.555072]}",487,252473.0,2019
1227,"{'type': 'Point', 'coordinates': [37.557628, 55.554557]}",309,395782.0,2021
1228,"{'type': 'Point', 'coordinates': [37.55485239329294, 55.55399833319082]}",592,263468.0,2021
1229,"{'type': 'Point', 'coordinates': [37.55399, 55.5539]}",359,306897.0,2021
1230,"{'type': 'Point', 'coordinates': [37.557188, 55.555596]}",451,375817.0,2019
1231,"{'type': 'Point', 'coordinates': [37.554017, 55.555189]}",1383,252286.0,2019
1232,"{'type': 'Point', 'coordinates': [37.552157, 55.552408]}",426,259065.0,2008
1233,"{'type': 'Point', 'coordinates': [37.539024, 55.550101]}",254,270611.0,2002
1234,"{'type': 'Point', 'coordinates': [37.535062, 55.551161]}",137,257542.0,2001
1235,"{'type': 'Point', 'coordinates': [37.537559, 55.55111]}",316,249827.0,2001
1236,"{'type': 'Point', 'coordinates': [37.522351, 55.547148]}",275,277676.0,2000
1237,"{'type': 'Point', 'coordinates': [37.521803, 55.546165]}",77,259872.0,2001
1238,"{'type': 'Point', 'coordinates': [37.520527, 55.546246]}",100,213574.0,2000
1239,"{'type': 'Point', 'coordinates': [37.519557, 55.546557]}",223,226167.0,2000
1240,"{'type': 'Point', 'coordinates': [37.519063, 55.545788]}",120,203564.0,2000
1241,"{'type': 'Point', 'coordinates': [37.520051, 55.545737]}",151,313070.0,2000
1242,"{'type': 'Point', 'coordinates': [37.516512, 55.544749]}",69,259365.0,2001
1243,"{'type': 'Point', 'coordinates': [37.518219, 55.545238]}",66,234404.0,2001
1244,"{'type': 'Point', 'coordinates': [37.516997, 55.545783]}",156,238555.0,2000
1245,"{'type': 'Point', 'coordinates': [37.504843, 55.541168]}",272,297439.0,2001
1246,"{'type': 'Point', 'coordinates': [37.506154, 55.541097]}",28,188384.0,2000
1247,"{'type': 'Point', 'coordinates': [37.503953, 55.539273]}",223,255130.0,2001
1248,"{'type': 'Point', 'coordinates': [37.503244, 55.540511]}",38,235334.0,2000
1249,"{'type': 'Point', 'coordinates': [37.501968, 55.540389]}",262,248938.0,2001
1250,"{'type': 'Point', 'coordinates': [37.505175, 55.538433]}",26,185528.0,2000
1251,"{'type': 'Point', 'coordinates': [37.505624, 55.537745]}",118,328297.0,2000
1252,"{'type': 'Point', 'coordinates': [37.503971, 55.537801]}",240,335146.0,2001
1253,"{'type': 'Point', 'coordinates': [37.505867, 55.536767]}",204,285494.0,2011
1254,"{'type': 'Point', 'coordinates': [37.506765, 55.536543]}",184,307176.0,2011
1255,"{'type': 'Point', 'coordinates': [37.506334, 55.537429]}",346,336409.0,2011
1256,"{'type': 'Point', 'coordinates': [37.508113, 55.538086]}",242,297618.0,2004
1257,"{'type': 'Point', 'coordinates': [37.507169, 55.538392]}",141,211777.0,2000
1258,"{'type': 'Point', 'coordinates': [37.506082, 55.538667]}",70,277130.0,2000
1259,"{'type': 'Point', 'coordinates': [37.506612, 55.539156]}",22,281968.0,2000
1260,"{'type': 'Point', 'coordinates': [37.508301, 55.539314]}",187,250321.0,2001
1261,"{'type': 'Point', 'coordinates': [37.509649, 55.540078]}",201,287264.0,2000
1262,"{'type': 'Point', 'coordinates': [37.510152, 55.539232]}",150,317139.0,2004
1263,"{'type': 'Point', 'coordinates': [37.511787, 55.539767]}",258,302141.0,2004
1264,"{'type': 'Point', 'coordinates': [37.512074, 55.541428]}",382,226290.0,2000
1265,"{'type': 'Point', 'coordinates': [37.51264, 55.542202]}",89,174459.0,2000
1266,"{'type': 'Point', 'coordinates': [37.509748, 55.541413]}",320,296159.0,2001
1267,"{'type': 'Point', 'coordinates': [37.509379, 55.540827]}",191,288090.0,2001
1268,"{'type': 'Point', 'coordinates': [37.507699, 55.541611]}",198,191283.0,2000
1269,"{'type': 'Point', 'coordinates': [37.510331, 55.542905]}",118,280734.0,2000
1270,"{'type': 'Point', 'coordinates': [37.511544, 55.543516]}",311,273883.0,2001
1271,"{'type': 'Point', 'coordinates': [37.516422, 55.544148]}",132,253490.0,2001
1272,"{'type': 'Point', 'coordinates': [37.516323, 55.542936]}",175,250847.0,2001
1273,"{'type': 'Point', 'coordinates': [37.516494, 55.543633]}",69,223698.0,2000
1274,"{'type': 'Point', 'coordinates': [37.517949, 55.543628]}",95,183780.0,2000
1275,"{'type': 'Point', 'coordinates': [37.518282, 55.542767]}",263,223536.0,2000
1276,"{'type': 'Point', 'coordinates': [37.519737, 55.54263]}",169,293412.0,2001
1277,"{'type': 'Point', 'coordinates': [37.522243, 55.541988]}",322,179206.0,2003
1278,"{'type': 'Point', 'coordinates': [37.521201, 55.541805]}",331,228409.0,2003
1279,"{'type': 'Point', 'coordinates': [37.519279, 55.541825]}",376,228855.0,2003
1280,"{'type': 'Point', 'coordinates': [37.517374, 55.541392]}",222,250356.0,2003
1281,"{'type': 'Point', 'coordinates': [37.517132, 55.539441]}",191,298107.0,2003
1282,"{'type': 'Point', 'coordinates': [37.5175, 55.540592]}",247,219416.0,2003
1283,"{'type': 'Point', 'coordinates': [37.519395, 55.539864]}",105,220956.0,2003
1284,"{'type': 'Point', 'coordinates': [37.521462, 55.540363]}",310,280868.0,2003
1285,"{'type': 'Point', 'coordinates': [37.523645, 55.540939]}",186,249716.0,2004
1286,"{'type': 'Point', 'coordinates': [37.528325, 55.538224]}",29,205030.0,2004
1287,"{'type': 'Point', 'coordinates': [37.531631, 55.538855]}",107,226801.0,1999
1288,"{'type': 'Point', 'coordinates': [37.531595, 55.537704]}",153,180363.0,1999
1289,"{'type': 'Point', 'coordinates': [37.532709, 55.538519]}",160,200705.0,2000
1290,"{'type': 'Point', 'coordinates': [37.532116, 55.537246]}",85,229679.0,1996
1291,"{'type': 'Point', 'coordinates': [37.532646, 55.536471]}",29,222558.0,1996
1292,"{'type': 'Point', 'coordinates': [37.531657, 55.536176]}",140,312213.0,1996
1293,"{'type': 'Point', 'coordinates': [37.530139, 55.536385]}",73,229118.0,1998
1294,"{'type': 'Point', 'coordinates': [37.529322, 55.537149]}",122,261676.0,1999
1295,"{'type': 'Point', 'coordinates': [37.529394, 55.537821]}",97,250090.0,1999
1296,"{'type': 'Point', 'coordinates': [37.528442, 55.537668]}",34,179969.0,2004
1297,"{'type': 'Point', 'coordinates': [37.527741, 55.536043]}",129,280330.0,1999
1298,"{'type': 'Point', 'coordinates': [37.52837, 55.536563]}",68,202724.0,1999
1299,"{'type': 'Point', 'coordinates': [37.527696, 55.535162]}",49,322646.0,2000
1300,"{'type': 'Point', 'coordinates': [37.529466, 55.534729]}",76,195311.0,1996
1301,"{'type': 'Point', 'coordinates': [37.528253, 55.534189]}",131,236252.0,2001
1302,"{'type': 'Point', 'coordinates': [37.526313, 55.534816]}",67,188142.0,2001
1303,"{'type': 'Point', 'coordinates': [37.524875, 55.535356]}",168,332200.0,2000
1304,"{'type': 'Point', 'coordinates': [37.520761, 55.536354]}",34,219508.0,2001
1305,"{'type': 'Point', 'coordinates': [37.521228, 55.535936]}",28,236618.0,2001
1306,"{'type': 'Point', 'coordinates': [37.521093, 55.535213]}",156,161629.0,1999
1307,"{'type': 'Point', 'coordinates': [37.517545, 55.534352]}",135,265733.0,2000
1308,"{'type': 'Point', 'coordinates': [37.519342, 55.534204]}",178,186558.0,1996
1309,"{'type': 'Point', 'coordinates': [37.519521, 55.534938]}",102,283295.0,1999
1310,"{'type': 'Point', 'coordinates': [37.519755, 55.533537]}",52,190439.0,1996
1311,"{'type': 'Point', 'coordinates': [37.521453, 55.533481]}",30,181490.0,1996
1312,"{'type': 'Point', 'coordinates': [37.522072, 55.534688]}",81,165203.0,1999
1313,"{'type': 'Point', 'coordinates': [37.52333, 55.535269]}",137,250399.0,1999
1314,"{'type': 'Point', 'coordinates': [37.524192, 55.534163]}",142,263940.0,1996
1315,"{'type': 'Point', 'coordinates': [37.526429, 55.533878]}",144,186594.0,2001
1316,"{'type': 'Point', 'coordinates': [37.524911, 55.533547]}",177,296109.0,1996
1317,"{'type': 'Point', 'coordinates': [37.524435, 55.532717]}",224,231498.0,1996
1318,"{'type': 'Point', 'coordinates': [37.526384, 55.532564]}",88,246527.0,1997
1319,"{'type': 'Point', 'coordinates': [37.524893, 55.532284]}",54,234997.0,1997
1320,"{'type': 'Point', 'coordinates': [37.521408, 55.532666]}",240,210462.0,1996
1321,"{'type': 'Point', 'coordinates': [37.519485, 55.532197]}",257,234786.0,1996
1322,"{'type': 'Point', 'coordinates': [37.520527, 55.531754]}",341,177488.0,1996
1323,"{'type': 'Point', 'coordinates': [37.523276, 55.530918]}",111,182613.0,1997
1324,"{'type': 'Point', 'coordinates': [37.521471, 55.530653]}",142,269351.0,1997
1325,"{'type': 'Point', 'coordinates': [37.522081, 55.530974]}",61,280178.0,1997
1326,"{'type': 'Point', 'coordinates': [37.52015, 55.530516]}",133,211125.0,1997
1327,"{'type': 'Point', 'coordinates': [37.52103, 55.531346]}",68,193102.0,1997
1328,"{'type': 'Point', 'coordinates': [37.51821, 55.530918]}",302,246206.0,1998
1329,"{'type': 'Point', 'coordinates': [37.516889, 55.53182]}",269,218544.0,1998
1330,"{'type': 'Point', 'coordinates': [37.520411, 55.533139]}",49,160060.0,1997
1331,"{'type': 'Point', 'coordinates': [37.519548, 55.532793]}",62,179010.0,1996
1332,"{'type': 'Point', 'coordinates': [37.518677, 55.533165]}",84,257036.0,1996
1333,"{'type': 'Point', 'coordinates': [37.517725, 55.533674]}",60,253828.0,1999
1334,"{'type': 'Point', 'coordinates': [37.51582, 55.533206]}",115,167074.0,1998
1335,"{'type': 'Point', 'coordinates': [37.514554, 55.532686]}",86,196697.0,1998
1336,"{'type': 'Point', 'coordinates': [37.514275, 55.533516]}",84,205735.0,1999
1337,"{'type': 'Point', 'coordinates': [37.513125, 55.534225]}",40,277696.0,1999
1338,"{'type': 'Point', 'coordinates': [37.513799, 55.535137]}",35,179190.0,1999
1339,"{'type': 'Point', 'coordinates': [37.514742, 55.534795]}",48,191938.0,1999
1340,"{'type': 'Point', 'coordinates': [37.514176, 55.534169]}",63,297032.0,1999
1341,"{'type': 'Point', 'coordinates': [37.51512, 55.53399]}",176,199474.0,1999
1342,"{'type': 'Point', 'coordinates': [37.517752, 55.535121]}",115,250928.0,1999
1343,"{'type': 'Point', 'coordinates': [37.519988, 55.536583]}",28,184782.0,2001
1344,"{'type': 'Point', 'coordinates': [37.514967, 55.535473]}",75,190024.0,1999
1345,"{'type': 'Point', 'coordinates': [37.512577, 55.53854]}",206,221048.0,2004
1346,"{'type': 'Point', 'coordinates': [37.511436, 55.538794]}",314,287486.0,2004
1347,"{'type': 'Point', 'coordinates': [37.51017, 55.53827]}",141,326777.0,2004
1348,"{'type': 'Point', 'coordinates': [37.511454, 55.537872]}",269,325258.0,2004
1349,"{'type': 'Point', 'coordinates': [37.507834, 55.53666]}",247,257382.0,2011
1350,"{'type': 'Point', 'coordinates': [37.50372, 55.532844]}",173,252727.0,2007
1351,"{'type': 'Point', 'coordinates': [37.502786, 55.532029]}",122,187646.0,2007
1352,"{'type': 'Point', 'coordinates': [37.501609, 55.532126]}",88,201081.0,2006
1353,"{'type': 'Point', 'coordinates': [37.501501, 55.532666]}",63,284167.0,2006
1354,"{'type': 'Point', 'coordinates': [37.50089, 55.531672]}",117,175448.0,2006
1355,"{'type': 'Point', 'coordinates': [37.501708, 55.531173]}",137,186232.0,2006
1356,"{'type': 'Point', 'coordinates': [37.503073, 55.53076]}",156,205472.0,2007
1357,"{'type': 'Point', 'coordinates': [37.503882, 55.531606]}",179,177461.0,2007
1358,"{'type': 'Point', 'coordinates': [37.513431, 55.531178]}",251,185528.0,1998
1359,"{'type': 'Point', 'coordinates': [37.513152, 55.530582]}",117,247438.0,1998
1360,"{'type': 'Point', 'coordinates': [37.512532, 55.529675]}",104,219750.0,1998
1361,"{'type': 'Point', 'coordinates': [37.515838, 55.530225]}",190,305330.0,1998
1362,"{'type': 'Point', 'coordinates': [37.515057, 55.531433]}",169,275368.0,1998
1363,"{'type': 'Point', 'coordinates': [37.517761, 55.529456]}",204,223143.0,1998
1364,"{'type': 'Point', 'coordinates': [37.516656, 55.528228]}",63,219992.0,1998
1365,"{'type': 'Point', 'coordinates': [37.516341, 55.52886]}",63,229336.0,1998
1366,"{'type': 'Point', 'coordinates': [37.514033, 55.528212]}",86,275044.0,1998
1367,"{'type': 'Point', 'coordinates': [37.514077, 55.527581]}",62,206562.0,1998
1368,"{'type': 'Point', 'coordinates': [37.515587, 55.527825]}",55,272322.0,1998
1369,"{'type': 'Point', 'coordinates': [37.515524, 55.527219]}",37,240035.0,1998
1370,"{'type': 'Point', 'coordinates': [37.512523, 55.528075]}",38,245799.0,1998
1371,"{'type': 'Point', 'coordinates': [37.511975, 55.528783]}",79,230847.0,1998
1372,"{'type': 'Point', 'coordinates': [37.500728, 55.533119]}",119,218210.0,2006
1373,"{'type': 'Point', 'coordinates': [37.501456, 55.533547]}",91,291346.0,2006
1374,"{'type': 'Point', 'coordinates': [37.50301, 55.53454]}",127,263927.0,2007
1375,"{'type': 'Point', 'coordinates': [37.502274, 55.535554]}",151,183773.0,2007
1376,"{'type': 'Point', 'coordinates': [37.500953, 55.534658]}",222,266678.0,2006
1377,"{'type': 'Point', 'coordinates': [37.586329, 55.575017]}",67,260082.0,1992
1378,"{'type': 'Point', 'coordinates': [37.587847, 55.574803]}",696,317423.0,1992
1379,"{'type': 'Point', 'coordinates': [37.590623, 55.573317]}",81,298559.0,1992
1380,"{'type': 'Point', 'coordinates': [37.590353, 55.57404]}",135,237729.0,1992
1381,"{'type': 'Point', 'coordinates': [37.590048, 55.572843]}",39,182251.0,1995
1382,"{'type': 'Point', 'coordinates': [37.591458, 55.572365]}",244,217117.0,1992
1383,"{'type': 'Point', 'coordinates': [37.583661, 55.574111]}",115,265942.0,1992
1384,"{'type': 'Point', 'coordinates': [37.582044, 55.573897]}",133,278735.0,1991
1385,"{'type': 'Point', 'coordinates': [37.584182, 55.573515]}",46,221221.0,1995
1386,"{'type': 'Point', 'coordinates': [37.581262, 55.573368]}",177,200766.0,1991
1387,"{'type': 'Point', 'coordinates': [37.580104, 55.574874]}",129,305896.0,1994
1388,"{'type': 'Point', 'coordinates': [37.580238, 55.576203]}",200,332041.0,1992
1389,"{'type': 'Point', 'coordinates': [37.581532, 55.575887]}",206,260886.0,1992
1390,"{'type': 'Point', 'coordinates': [37.583239, 55.575409]}",139,205922.0,1992
1391,"{'type': 'Point', 'coordinates': [37.58482, 55.575862]}",253,224064.0,1992
1392,"{'type': 'Point', 'coordinates': [37.58261, 55.576447]}",155,182021.0,1992
1393,"{'type': 'Point', 'coordinates': [37.581846, 55.576274]}",202,322065.0,1992
1394,"{'type': 'Point', 'coordinates': [37.580616, 55.57664]}",158,198725.0,1992
1395,"{'type': 'Point', 'coordinates': [37.580346, 55.577068]}",211,268597.0,1992
1396,"{'type': 'Point', 'coordinates': [37.576834, 55.577795]}",94,219130.0,1992
1397,"{'type': 'Point', 'coordinates': [37.575558, 55.576991]}",320,261474.0,1991
1398,"{'type': 'Point', 'coordinates': [37.577849, 55.576915]}",439,274369.0,1991
1399,"{'type': 'Point', 'coordinates': [37.577499, 55.575643]}",306,299890.0,1992
1400,"{'type': 'Point', 'coordinates': [37.571147, 55.576783]}",233,205854.0,1991
1401,"{'type': 'Point', 'coordinates': [37.573375, 55.576803]}",96,180599.0,1995
1402,"{'type': 'Point', 'coordinates': [37.57395, 55.57747]}",336,197239.0,1992
1403,"{'type': 'Point', 'coordinates': [37.57395, 55.578452]}",217,315003.0,1992
1404,"{'type': 'Point', 'coordinates': [37.57263, 55.578503]}",115,309207.0,1992
1405,"{'type': 'Point', 'coordinates': [37.572001, 55.577856]}",235,264472.0,1992
1406,"{'type': 'Point', 'coordinates': [37.569027, 55.577175]}",69,255902.0,1991
1407,"{'type': 'Point', 'coordinates': [37.571282, 55.575775]}",38,284483.0,1995
1408,"{'type': 'Point', 'coordinates': [37.570222, 55.576004]}",309,194337.0,1991
1409,"{'type': 'Point', 'coordinates': [37.567428, 55.573688]}",189,307529.0,1990
1410,"{'type': 'Point', 'coordinates': [37.566126, 55.572894]}",288,236328.0,1991
1411,"{'type': 'Point', 'coordinates': [37.561293, 55.566318]}",109,236316.0,1993
1412,"{'type': 'Point', 'coordinates': [37.562039, 55.566832]}",104,257020.0,1992
1413,"{'type': 'Point', 'coordinates': [37.56264, 55.566063]}",44,185056.0,1997
1414,"{'type': 'Point', 'coordinates': [37.564123, 55.565646]}",220,207843.0,1992
1415,"{'type': 'Point', 'coordinates': [37.565389, 55.565468]}",41,303314.0,1997
1416,"{'type': 'Point', 'coordinates': [37.559308, 55.558641]}",338,229845.0,2015
1417,"{'type': 'Point', 'coordinates': [37.557268, 55.557948]}",907,325420.0,2017
1418,"{'type': 'Point', 'coordinates': [37.55484887671417, 55.55658260432355]}",417,334568.0,2018
1419,"{'type': 'Point', 'coordinates': [37.559083, 55.557286]}",785,284605.0,2016
1420,"{'type': 'Point', 'coordinates': [37.566961, 55.564964]}",237,231390.0,1992
1421,"{'type': 'Point', 'coordinates': [37.568237, 55.564114]}",86,231961.0,1996
1422,"{'type': 'Point', 'coordinates': [37.569306, 55.563656]}",157,305673.0,1995
1423,"{'type': 'Point', 'coordinates': [37.570429, 55.562882]}",163,229416.0,1996
1424,"{'type': 'Point', 'coordinates': [37.573842, 55.563793]}",190,260766.0,1991
1425,"{'type': 'Point', 'coordinates': [37.574633, 55.564399]}",131,250841.0,1991
1426,"{'type': 'Point', 'coordinates': [37.574929, 55.565162]}",189,304000.0,1991
1427,"{'type': 'Point', 'coordinates': [37.575953, 55.564434]}",248,354131.0,1995
1428,"{'type': 'Point', 'coordinates': [37.57757, 55.564552]}",178,319256.0,1988
1429,"{'type': 'Point', 'coordinates': [37.578675, 55.565442]}",103,229175.0,2002
1430,"{'type': 'Point', 'coordinates': [37.579672, 55.564969]}",201,201092.0,2003
1431,"{'type': 'Point', 'coordinates': [37.580355, 55.56587]}",312,237906.0,2002
1432,"{'type': 'Point', 'coordinates': [37.578612, 55.566181]}",356,291863.0,2002
1433,"{'type': 'Point', 'coordinates': [37.577436, 55.56699]}",98,202756.0,2003
1434,"{'type': 'Point', 'coordinates': [37.577058, 55.565972]}",191,279828.0,2002
1435,"{'type': 'Point', 'coordinates': [37.576403, 55.565137]}",286,291055.0,1988
1436,"{'type': 'Point', 'coordinates': [37.576385, 55.566807]}",217,249560.0,2003
1437,"{'type': 'Point', 'coordinates': [37.573806, 55.568064]}",306,318679.0,2000
1438,"{'type': 'Point', 'coordinates': [37.574642, 55.568924]}",294,203487.0,1991
1439,"{'type': 'Point', 'coordinates': [37.573312, 55.567178]}",145,198047.0,2001
1440,"{'type': 'Point', 'coordinates': [37.571929, 55.566313]}",150,310294.0,1992
1441,"{'type': 'Point', 'coordinates': [37.572405, 55.565605]}",341,266701.0,1992
1442,"{'type': 'Point', 'coordinates': [37.570941, 55.564053]}",115,296240.0,1997
1443,"{'type': 'Point', 'coordinates': [37.567716, 55.565473]}",159,255618.0,1993
1444,"{'type': 'Point', 'coordinates': [37.568129, 55.566445]}",323,228503.0,1992
1445,"{'type': 'Point', 'coordinates': [37.569171, 55.567219]}",164,330119.0,1994
1446,"{'type': 'Point', 'coordinates': [37.566961, 55.567519]}",167,317434.0,1994
1447,"{'type': 'Point', 'coordinates': [37.565326, 55.567122]}",311,293338.0,1992
1448,"{'type': 'Point', 'coordinates': [37.564931, 55.56615]}",161,224350.0,1992
1449,"{'type': 'Point', 'coordinates': [37.56256, 55.567804]}",339,277324.0,1992
1450,"{'type': 'Point', 'coordinates': [37.564168, 55.569443]}",262,242276.0,2001
1451,"{'type': 'Point', 'coordinates': [37.565353, 55.569011]}",163,202168.0,2001
1452,"{'type': 'Point', 'coordinates': [37.563943, 55.568522]}",124,325992.0,1994
1453,"{'type': 'Point', 'coordinates': [37.566126, 55.569494]}",259,209046.0,2001
1454,"{'type': 'Point', 'coordinates': [37.564913, 55.57066]}",252,324890.0,1991
1455,"{'type': 'Point', 'coordinates': [37.564428, 55.570207]}",258,251266.0,1992
1456,"{'type': 'Point', 'coordinates': [37.568399, 55.570976]}",29,211809.0,1995
1457,"{'type': 'Point', 'coordinates': [37.56688, 55.568782]}",212,274522.0,2001
1458,"{'type': 'Point', 'coordinates': [37.568192, 55.568354]}",115,330532.0,2001
1459,"{'type': 'Point', 'coordinates': [37.568821, 55.568777]}",161,304348.0,2001
1460,"{'type': 'Point', 'coordinates': [37.569701, 55.568181]}",167,322552.0,2001
1461,"{'type': 'Point', 'coordinates': [37.570896, 55.567718]}",171,298774.0,2002
1462,"{'type': 'Point', 'coordinates': [37.571938, 55.568543]}",239,301278.0,2002
1463,"{'type': 'Point', 'coordinates': [37.573986, 55.569632]}",44,320285.0,1996
1464,"{'type': 'Point', 'coordinates': [37.574022, 55.570548]}",433,222077.0,1991
1465,"{'type': 'Point', 'coordinates': [37.574822, 55.57011]}",64,261783.0,1991
1466,"{'type': 'Point', 'coordinates': [37.575612, 55.571708]}",219,217566.0,1991
1467,"{'type': 'Point', 'coordinates': [37.574327, 55.571968]}",378,335271.0,1991
1468,"{'type': 'Point', 'coordinates': [37.572791, 55.572324]}",210,328550.0,1990
1469,"{'type': 'Point', 'coordinates': [37.571273, 55.571215]}",433,188986.0,1990
1470,"{'type': 'Point', 'coordinates': [37.57298, 55.571098]}",219,289319.0,1991
1471,"{'type': 'Point', 'coordinates': [37.571983, 55.570792]}",89,327969.0,1991
1472,"{'type': 'Point', 'coordinates': [37.571255, 55.570299]}",25,214024.0,1995
1473,"{'type': 'Point', 'coordinates': [37.570222, 55.5718]}",382,265296.0,1991
1474,"{'type': 'Point', 'coordinates': [37.569225, 55.571479]}",71,322295.0,1991
1475,"{'type': 'Point', 'coordinates': [37.566485, 55.5721]}",90,179593.0,1991
1476,"{'type': 'Point', 'coordinates': [37.569009, 55.572309]}",252,283780.0,1990
1477,"{'type': 'Point', 'coordinates': [37.570078, 55.573017]}",260,222875.0,1990
1478,"{'type': 'Point', 'coordinates': [37.571615, 55.572553]}",149,320817.0,1991
1479,"{'type': 'Point', 'coordinates': [37.57563, 55.574686]}",371,324595.0,1992
1480,"{'type': 'Point', 'coordinates': [37.576367, 55.574584]}",59,320527.0,1995
1481,"{'type': 'Point', 'coordinates': [37.577957, 55.574151]}",330,250020.0,1992
1482,"{'type': 'Point', 'coordinates': [37.575693, 55.570166]}",85,320186.0,1992
1483,"{'type': 'Point', 'coordinates': [37.577669, 55.568512]}",352,339115.0,1991
1484,"{'type': 'Point', 'coordinates': [37.578055, 55.567911]}",141,253295.0,1990
1485,"{'type': 'Point', 'coordinates': [37.579124, 55.568695]}",315,338542.0,1990
1486,"{'type': 'Point', 'coordinates': [37.582008, 55.569057]}",238,192813.0,1990
1487,"{'type': 'Point', 'coordinates': [37.579924, 55.567906]}",293,301906.0,1990
1488,"{'type': 'Point', 'coordinates': [37.583131, 55.568145]}",170,230577.0,1990
1489,"{'type': 'Point', 'coordinates': [37.584218, 55.568476]}",404,214347.0,1990
1490,"{'type': 'Point', 'coordinates': [37.583454, 55.56926]}",151,205631.0,1991
1491,"{'type': 'Point', 'coordinates': [37.587649, 55.569734]}",64,301797.0,1997
1492,"{'type': 'Point', 'coordinates': [37.587883, 55.57007]}",57,246042.0,1997
1493,"{'type': 'Point', 'coordinates': [37.588611, 55.570405]}",65,298101.0,1997
1494,"{'type': 'Point', 'coordinates': [37.588647, 55.569026]}",102,200303.0,1997
1495,"{'type': 'Point', 'coordinates': [37.589464, 55.569255]}",44,240055.0,1997
1496,"{'type': 'Point', 'coordinates': [37.589752, 55.569566]}",58,274915.0,1997
1497,"{'type': 'Point', 'coordinates': [37.590344, 55.568787]}",70,317068.0,1997
1498,"{'type': 'Point', 'coordinates': [37.588242, 55.567331]}",421,236629.0,1990
1499,"{'type': 'Point', 'coordinates': [37.587632, 55.568313]}",200,289975.0,1993
1500,"{'type': 'Point', 'coordinates': [37.58605, 55.567871]}",365,335905.0,1990
1501,"{'type': 'Point', 'coordinates': [37.583787, 55.566242]}",346,293059.0,1990
1502,"{'type': 'Point', 'coordinates': [37.585242, 55.566461]}",240,228026.0,1990
1503,"{'type': 'Point', 'coordinates': [37.584972, 55.565458]}",160,193819.0,1990
1504,"{'type': 'Point', 'coordinates': [37.58605, 55.565738]}",364,330148.0,1990
1505,"{'type': 'Point', 'coordinates': [37.587281, 55.567153]}",107,194236.0,1990
1506,"{'type': 'Point', 'coordinates': [37.587236, 55.560779]}",458,315527.0,2005
1507,"{'type': 'Point', 'coordinates': [37.585601, 55.560586]}",286,264033.0,2005
1508,"{'type': 'Point', 'coordinates': [37.58517, 55.559817]}",162,327897.0,2004
1509,"{'type': 'Point', 'coordinates': [37.583724, 55.560163]}",272,319969.0,1994
1510,"{'type': 'Point', 'coordinates': [37.582745, 55.561105]}",206,360806.0,1994
1511,"{'type': 'Point', 'coordinates': [37.582313, 55.561976]}",182,251218.0,1995
1512,"{'type': 'Point', 'coordinates': [37.586176, 55.561232]}",161,301133.0,2003
1513,"{'type': 'Point', 'coordinates': [37.585763, 55.562454]}",65,247447.0,1969
1514,"{'type': 'Point', 'coordinates': [37.586149, 55.564323]}",232,268484.0,2005
1515,"{'type': 'Point', 'coordinates': [37.584353, 55.563035]}",36,277706.0,1974
1516,"{'type': 'Point', 'coordinates': [37.585026, 55.563309]}",44,317176.0,1962
1517,"{'type': 'Point', 'coordinates': [37.585736, 55.563009]}",71,344399.0,1966
1518,"{'type': 'Point', 'coordinates': [37.585188, 55.562683]}",51,305505.0,1966
1519,"{'type': 'Point', 'coordinates': [37.582251, 55.56392]}",202,264513.0,2003
1520,"{'type': 'Point', 'coordinates': [37.583688, 55.564068]}",348,261291.0,2005
1521,"{'type': 'Point', 'coordinates': [37.582826, 55.564791]}",246,313105.0,2003
1522,"{'type': 'Point', 'coordinates': [37.581128, 55.565106]}",379,236909.0,2003
1523,"{'type': 'Point', 'coordinates': [37.581227, 55.564394]}",161,216485.0,2004
1524,"{'type': 'Point', 'coordinates': [37.578217, 55.563895]}",173,256515.0,1980
1525,"{'type': 'Point', 'coordinates': [37.578307, 55.562958]}",175,252566.0,1970
1526,"{'type': 'Point', 'coordinates': [37.57961, 55.562948]}",75,250442.0,1965
1527,"{'type': 'Point', 'coordinates': [37.58031, 55.563661]}",184,228237.0,1982
1528,"{'type': 'Point', 'coordinates': [37.580355, 55.562902]}",58,206923.0,1969
1529,"{'type': 'Point', 'coordinates': [37.582152, 55.562938]}",302,190679.0,1995
1530,"{'type': 'Point', 'coordinates': [37.581056, 55.56276]}",28,367956.0,1957
1531,"{'type': 'Point', 'coordinates': [37.578927, 55.562368]}",18,276040.0,1980
1532,"{'type': 'Point', 'coordinates': [37.577858, 55.561741]}",154,315082.0,2019
1533,"{'type': 'Point', 'coordinates': [37.577202, 55.563101]}",222,313998.0,1977
1534,"{'type': 'Point', 'coordinates': [37.576189293968866, 55.559871342114995]}",711,318554.0,2018
1535,"{'type': 'Point', 'coordinates': [37.575639, 55.559746]}",776,467654.0,2018
1536,"{'type': 'Point', 'coordinates': [37.57793, 55.560866]}",678,409167.0,2019
1537,"{'type': 'Point', 'coordinates': [37.57908, 55.560316]}",239,249860.0,2020
1538,"{'type': 'Point', 'coordinates': [37.577822, 55.559237]}",411,350028.0,2018
1539,"{'type': 'Point', 'coordinates': [37.571076, 55.551578]}",49,304969.0,2008
1540,"{'type': 'Point', 'coordinates': [37.571884, 55.5511]}",366,310955.0,2009
1541,"{'type': 'Point', 'coordinates': [37.591422, 55.56953]}",144,266945.0,1992
1542,"{'type': 'Point', 'coordinates': [37.590021, 55.569993]}",67,280550.0,1997
1543,"{'type': 'Point', 'coordinates': [37.593713, 55.572365]}",143,199005.0,1996
